row_type,dataset,display_name,split_seed,training_seed,best_epoch,best_validation_mse,test_mae,test_rmse,test_r2,train_windows,validation_windows,test_windows,statistic,mae,rmse,r2,baseline_model,baseline_mae,baseline_rmse,baseline_r2,mean_mae_minus_baseline,all_windows_used,split_fixed,training_only_scaler,checkpoint_policy,test_set_used_for_selection
seed,blazer,Chevrolet Blazer,20260801,20260801,17,0.059771686915946844,0.13710105197798422,0.23035043839979485,0.7843790247895439,36573,8441,30997,,,,,,,,,,True,True,True,minimum_validation_mse,False
seed,blazer,Chevrolet Blazer,20260801,20260802,19,0.056282584185058535,0.13561935970650404,0.23387820215988292,0.7777240817155262,36573,8441,30997,,,,,,,,,,True,True,True,minimum_validation_mse,False
seed,blazer,Chevrolet Blazer,20260801,20260803,18,0.05833976871240564,0.14184046649556656,0.24470386780562942,0.7566705987588049,36573,8441,30997,,,,,,,,,,True,True,True,minimum_validation_mse,False
seed,blazer,Chevrolet Blazer,20260801,20260804,12,0.060272576190074915,0.13998404780438667,0.23527129935484511,0.7750682191557755,36573,8441,30997,,,,,,,,,,True,True,True,minimum_validation_mse,False
seed,blazer,Chevrolet Blazer,20260801,20260805,18,0.05575249638832543,0.13330637784998628,0.22569989935495455,0.7929974714145248,36573,8441,30997,,,,,,,,,,True,True,True,minimum_validation_mse,False
seed,ev,BMW i3,20260801,20260801,9,0.0013461142772614235,0.02046838527186684,0.03367389401013282,0.9447634163465819,691930,216951,185212,,,,,,,,,,True,True,True,minimum_validation_mse,False
seed,ev,BMW i3,20260801,20260802,9,0.0009840146288303947,0.017722719111891494,0.02860326417598544,0.9601460544495415,691930,216951,185212,,,,,,,,,,True,True,True,minimum_validation_mse,False
seed,ev,BMW i3,20260801,20260803,13,0.0011510641793219178,0.018757840393754818,0.031032082530011912,0.9530903738403919,691930,216951,185212,,,,,,,,,,True,True,True,minimum_validation_mse,False
seed,ev,BMW i3,20260801,20260804,14,0.0007816779174544541,0.015595205618635899,0.025558213398485474,0.968179931324405,691930,216951,185212,,,,,,,,,,True,True,True,minimum_validation_mse,False
seed,ev,BMW i3,20260801,20260805,14,0.001084399490669858,0.016979099677306903,0.029471330269324615,0.9576903329786849,691930,216951,185212,,,,,,,,,,True,True,True,minimum_validation_mse,False
seed,pacifica,Chrysler Pacifica,20260801,20260801,2,0.9618784013762625,0.9245489248736526,1.4117894014919667,0.7179322968082125,103882,42619,37303,,,,,,,,,,True,True,True,minimum_validation_mse,False
seed,pacifica,Chrysler Pacifica,20260801,20260802,2,0.839932596875068,0.8249572001059464,1.3066428531035794,0.7583830919544725,103882,42619,37303,,,,,,,,,,True,True,True,minimum_validation_mse,False
seed,pacifica,Chrysler Pacifica,20260801,20260803,4,1.0635527028464686,1.0798165841185432,1.654478137021819,0.6126214289230991,103882,42619,37303,,,,,,,,,,True,True,True,minimum_validation_mse,False
seed,pacifica,Chrysler Pacifica,20260801,20260804,2,0.907482118988888,0.8599485774716177,1.3590788182861597,0.7386016659079395,103882,42619,37303,,,,,,,,,,True,True,True,minimum_validation_mse,False
seed,pacifica,Chrysler Pacifica,20260801,20260805,1,0.9460477259554373,0.8787014785105143,1.4953171224287218,0.6835681864394689,103882,42619,37303,,,,,,,,,,True,True,True,minimum_validation_mse,False
seed,qx50,Infiniti QX50,20260801,20260801,19,0.053031886070591575,0.15130748764791657,0.25643458527995644,0.9671461845880379,227341,74676,74790,,,,,,,,,,True,True,True,minimum_validation_mse,False
seed,qx50,Infiniti QX50,20260801,20260802,18,0.0509818490504631,0.15606216589404004,0.2593052420222747,0.9664065034364465,227341,74676,74790,,,,,,,,,,True,True,True,minimum_validation_mse,False
seed,qx50,Infiniti QX50,20260801,20260803,19,0.053117041356294484,0.15876343458473943,0.2644881039623632,0.9650501832230359,227341,74676,74790,,,,,,,,,,True,True,True,minimum_validation_mse,False
seed,qx50,Infiniti QX50,20260801,20260804,20,0.052905726907875074,0.15624877694952308,0.2646374455522623,0.9650107036797646,227341,74676,74790,,,,,,,,,,True,True,True,minimum_validation_mse,False
seed,qx50,Infiniti QX50,20260801,20260805,19,0.050070026459924546,0.15007520442988115,0.2539093404401561,0.9677900558759603,227341,74676,74790,,,,,,,,,,True,True,True,minimum_validation_mse,False
summary,ev,BMW i3,20260801,,,,,,,,,,mean,0.01790465001469119,0.029667756876788055,0.956774021787921,mlp,0.017710154455778202,0.03316891673054353,0.9464076618799677,0.0001944955589129882,True,True,True,minimum_validation_mse,False
summary,ev,BMW i3,20260801,,,,,,,,,,sample_sd,0.0018387460394729003,0.0029987745389345897,0.008662114466062435,mlp,0.017710154455778202,0.03316891673054353,0.9464076618799677,,True,True,True,minimum_validation_mse,False
summary,ev,BMW i3,20260801,,,,,,,,,,median,0.017722719111891494,0.029471330269324615,0.9576903329786849,mlp,0.017710154455778202,0.03316891673054353,0.9464076618799677,,True,True,True,minimum_validation_mse,False
summary,ev,BMW i3,20260801,,,,,,,,,,min,0.015595205618635899,0.025558213398485474,0.9447634163465819,mlp,0.017710154455778202,0.03316891673054353,0.9464076618799677,,True,True,True,minimum_validation_mse,False
summary,ev,BMW i3,20260801,,,,,,,,,,max,0.02046838527186684,0.03367389401013282,0.968179931324405,mlp,0.017710154455778202,0.03316891673054353,0.9464076618799677,,True,True,True,minimum_validation_mse,False
summary,qx50,Infiniti QX50,20260801,,,,,,,,,,mean,0.15449141390122006,0.25975494345140254,0.966280726160649,random_forest,0.12850531803911158,0.22372521923505742,0.9749929477573784,0.025986095862108483,True,True,True,minimum_validation_mse,False
summary,qx50,Infiniti QX50,20260801,,,,,,,,,,sample_sd,0.0036553399263312305,0.004786431852501388,0.0012419850467526292,random_forest,0.12850531803911158,0.22372521923505742,0.9749929477573784,,True,True,True,minimum_validation_mse,False
summary,qx50,Infiniti QX50,20260801,,,,,,,,,,median,0.15606216589404004,0.2593052420222747,0.9664065034364465,random_forest,0.12850531803911158,0.22372521923505742,0.9749929477573784,,True,True,True,minimum_validation_mse,False
summary,qx50,Infiniti QX50,20260801,,,,,,,,,,min,0.15007520442988115,0.2539093404401561,0.9650107036797646,random_forest,0.12850531803911158,0.22372521923505742,0.9749929477573784,,True,True,True,minimum_validation_mse,False
summary,qx50,Infiniti QX50,20260801,,,,,,,,,,max,0.15876343458473943,0.2646374455522623,0.9677900558759603,random_forest,0.12850531803911158,0.22372521923505742,0.9749929477573784,,True,True,True,minimum_validation_mse,False
summary,blazer,Chevrolet Blazer,20260801,,,,,,,,,,mean,0.13757026076688555,0.23398074141502137,0.777367879166835,,,,,,True,True,True,minimum_validation_mse,False
summary,blazer,Chevrolet Blazer,20260801,,,,,,,,,,sample_sd,0.003401025367138339,0.0070429563907846195,0.013483629421289556,,,,,,True,True,True,minimum_validation_mse,False
summary,blazer,Chevrolet Blazer,20260801,,,,,,,,,,median,0.13710105197798422,0.23387820215988292,0.7777240817155262,,,,,,True,True,True,minimum_validation_mse,False
summary,blazer,Chevrolet Blazer,20260801,,,,,,,,,,min,0.13330637784998628,0.22569989935495455,0.7566705987588049,,,,,,True,True,True,minimum_validation_mse,False
summary,blazer,Chevrolet Blazer,20260801,,,,,,,,,,max,0.14184046649556656,0.24470386780562942,0.7929974714145248,,,,,,True,True,True,minimum_validation_mse,False
summary,pacifica,Chrysler Pacifica,20260801,,,,,,,,,,mean,0.9135945530160547,1.4454612664664492,0.7022213340066384,,,,,,True,True,True,minimum_validation_mse,False
summary,pacifica,Chrysler Pacifica,20260801,,,,,,,,,,sample_sd,0.09962650194364173,0.1360513986362836,0.05722890192536947,,,,,,True,True,True,minimum_validation_mse,False
summary,pacifica,Chrysler Pacifica,20260801,,,,,,,,,,median,0.8787014785105143,1.4117894014919667,0.7179322968082125,,,,,,True,True,True,minimum_validation_mse,False
summary,pacifica,Chrysler Pacifica,20260801,,,,,,,,,,min,0.8249572001059464,1.3066428531035794,0.6126214289230991,,,,,,True,True,True,minimum_validation_mse,False
summary,pacifica,Chrysler Pacifica,20260801,,,,,,,,,,max,1.0798165841185432,1.654478137021819,0.7583830919544725,,,,,,True,True,True,minimum_validation_mse,False
